FullName,Email,PasswordHash,ConsentGiven,IsAnonymous,CreatedAt
Bryan Parker-Carter,bryan.parker-carter180@example.com,hashedpassword,1,1,2025-07-06 21:46:25
Mr Terence Birch,mr.terence.birch795@example.com,hashedpassword,1,0,2025-09-16 10:40:00
Robert Ryan,robert.ryan573@example.com,hashedpassword,1,1,2025-07-28 12:30:50
Bryan Williams,bryan.williams977@example.com,hashedpassword,1,0,2025-10-13 14:09:54
Rachel Duffy-Griffiths,rachel.duffy-griffiths549@example.com,hashedpassword,1,0,2025-08-31 08:49:11
Aimee Cunningham,aimee.cunningham433@example.com,hashedpassword,1,0,2025-10-03 19:14:04
Leanne Thompson-Hicks,leanne.thompson-hicks504@example.com,hashedpassword,1,0,2025-08-22 17:13:44
Dr Joshua Lewis,dr.joshua.lewis304@example.com,hashedpassword,1,0,2025-07-31 14:55:53
Dr Edward Holmes,dr.edward.holmes248@example.com,hashedpassword,1,1,2025-08-30 14:03:45
Yvonne Gibbons,yvonne.gibbons781@example.com,hashedpassword,1,1,2025-08-04 18:07:50
Oliver Owen,oliver.owen783@example.com,hashedpassword,1,0,2025-10-24 02:58:45
Kevin Smith,kevin.smith274@example.com,hashedpassword,1,0,2025-07-22 19:46:19
Alan Moore,alan.moore929@example.com,hashedpassword,1,0,2025-09-28 15:54:36
Amelia Pearce,amelia.pearce769@example.com,hashedpassword,1,0,2025-10-05 16:28:25
Jean Taylor,jean.taylor815@example.com,hashedpassword,1,0,2025-10-14 12:59:00
Simon Archer-Taylor,simon.archer-taylor270@example.com,hashedpassword,1,0,2025-09-29 08:47:41
Vanessa Parker,vanessa.parker945@example.com,hashedpassword,1,1,2025-09-04 10:51:07
Vincent O'Connor-Robertson,vincent.oconnor-robertson492@example.com,hashedpassword,1,1,2025-08-25 11:30:07
Lorraine Hughes,lorraine.hughes491@example.com,hashedpassword,1,0,2025-08-27 13:30:53
Charlie Leonard,charlie.leonard823@example.com,hashedpassword,1,0,2025-10-20 11:29:29
Mathew Gregory,mathew.gregory848@example.com,hashedpassword,0,1,2025-09-13 20:26:20
Carol Lewis,carol.lewis279@example.com,hashedpassword,1,1,2025-07-08 21:33:25
Sean Hicks,sean.hicks349@example.com,hashedpassword,1,0,2025-09-04 02:40:35
Molly Horton-Dean,molly.horton-dean801@example.com,hashedpassword,1,0,2025-10-15 17:26:01
Alan Marsh,alan.marsh495@example.com,hashedpassword,1,0,2025-09-13 13:37:45
